{"cameraMode":{"drawMode":0,"name":"Shaded","section":"Shading Mode"},"sceneLighting":false,"audioPlay":false,"sceneViewState":{"m_AlwaysRefresh":false,"showFog":true,"showSkybox":false,"showFlares":true,"showImageEffects":true,"showParticleSystems":true,"showVisualEffectGraphs":true,"m_FxEnabled":true},"in2DMode":false,"pivot":{"x":-0.3862881660461426,"y":0.44641876220703127,"z":0.7735047340393066},"rotation":{"x":0.009895790368318558,"y":-0.0170914176851511,"z":-0.00018691171135287732,"w":-0.9998171925544739},"size":13.68044662475586,"orthographic":false}