{"cameraMode":{"drawMode":0,"name":"Shaded","section":"Shading Mode"},"sceneLighting":false,"audioPlay":false,"sceneViewState":{"m_AlwaysRefresh":false,"showFog":true,"showSkybox":false,"showFlares":true,"showImageEffects":true,"showParticleSystems":true,"showVisualEffectGraphs":true,"m_FxEnabled":true},"in2DMode":false,"pivot":{"x":-30.19675064086914,"y":2.0064682960510256,"z":-0.01698136329650879},"rotation":{"x":0.009895790368318558,"y":-0.0170914176851511,"z":-0.00018691171135287732,"w":-0.9998171925544739},"size":1.6530590057373047,"orthographic":false}